annual_spend,purchase_freq_weight,digital_propensity,satisfaction_score,ai_usage_freq,ai_helpfulness,ai_desire,ai_balance,auth_trust,ai_for_decision,ai_use_case_count,ai_concern_count,desired_ai_roles,brand_count,is_female,ai_assistant_freq,ai_readiness,clv,retention_improvement,retention_adjusted_clv,net_roi,ai_readiness,ai_revenue_uplift,retention_savings,retention_improvement,ai_cost,clv
7000,0.3,0.85,1.0,0.0,4.0,0.0,1.0,0.0,0,7,3,4,3,0,0.0,0.43500000000000005,17850.0,0.0554625,15627.005624999998,0.8491523750000001,0.43500000000000005,1359.5494893750001,1941.1875,0.0554625,1785.0,17850.0
5000,0.3,0.6,4.0,0.0,2.0,2.0,0.0,0.0,0,1,1,1,5,1,2.0,0.2767857142857143,12750.0,0.024910714285714283,10772.611607142855,-0.04383619072629057,0.2767857142857143,596.3409996811224,622.7678571428571,0.024910714285714283,1275.0,12750.0
75000,1.0,0.92,3.0,3.0,4.0,0.0,2.0,1.0,0,3,1,5,1,0,2.0,0.626357142857143,637500.0,0.08643728571428573,577853.7696428571,4.479871862557023,0.626357142857143,72388.56722854593,32413.98214285715,0.08643728571428573,19125.0,637500.0
3500,0.05,0.85,5.0,0.0,0.0,2.0,1.0,3.0,1,1,2,3,3,0,2.0,0.39178571428571435,1487.5,0.04995267857142858,1294.054609375,0.09307596290391175,0.39178571428571435,101.3984218917411,874.1718750000001,0.04995267857142858,892.5,1487.5
1500,0.3,0.85,1.0,0.0,0.0,3.0,1.0,1.0,0,7,1,3,6,1,2.0,0.44000000000000006,3825.0,0.056100000000000004,3351.0825,0.8709680000000003,0.44000000000000006,294.89526000000006,420.75000000000006,0.056100000000000004,382.5,3825.0
35000,0.6,0.45,3.0,1.0,4.0,4.0,2.0,0.0,1,1,1,1,3,0,0.0,0.6942857142857142,178500.0,0.046864285714285706,154735.275,2.326313522208883,0.6942857142857142,21486.098185714283,8201.249999999998,0.046864285714285706,8925.0,178500.0
1500,0.05,0.6,4.0,3.0,3.0,2.0,2.0,0.0,1,0,1,0,3,0,0.0,0.6299999999999999,637.5,0.056699999999999987,558.8962499999999,0.2958717058823525,0.6299999999999999,70.42092749999998,425.2499999999999,0.056699999999999987,382.5,637.5
1500,0.15,0.85,3.0,2.0,1.0,1.0,0.0,3.0,0,7,0,0,0,0,0.0,0.37999999999999995,1912.5,0.048449999999999986,1660.910625,0.2800109999999998,0.37999999999999995,126.2292075,363.3749999999999,0.048449999999999986,382.5,1912.5
15000,0.3,0.92,4.0,3.0,3.0,4.0,1.0,2.0,0,3,2,1,5,0,2.0,0.6463571428571429,38250.0,0.08919728571428572,34776.79617857143,1.9242987063301324,0.6463571428571429,4495.646123141327,6689.796428571429,0.08919728571428572,3825.0,38250.0
35000,0.05,0.45,5.0,2.0,0.0,4.0,2.0,1.0,0,3,3,1,5,0,1.0,0.49785714285714294,14875.0,0.03360535714285715,12697.379687499999,-0.19941358715986376,0.49785714285714294,1264.2962345982144,5880.937500000002,0.03360535714285715,8925.0,14875.0
5000,0.3,0.92,2.0,3.0,0.0,2.0,1.0,0.0,0,1,2,3,8,0,0.0,0.4452857142857143,12750.0,0.06144942857142857,11238.480214285713,0.9898844331188476,0.4452857142857143,1000.8669379408163,1536.2357142857143,0.06144942857142857,1275.0,12750.0
35000,1.0,0.6,2.0,0.0,3.0,2.0,0.0,2.0,1,1,2,1,3,0,1.0,0.4017857142857143,297500.0,0.03616071428571428,254707.8125,2.0023212409963986,0.4017857142857143,20467.59207589286,6328.124999999999,0.03616071428571428,8925.0,297500.0
3500,0.3,0.92,1.0,3.0,2.0,3.0,0.0,1.0,0,0,1,1,3,0,2.0,0.47850000000000004,8925.0,0.06603300000000001,7907.8445249999995,1.1426982868823532,0.47850000000000004,756.7807210425001,1155.5775,0.06603300000000001,892.5,8925.0
3500,0.3,0.85,5.0,0.0,0.0,1.0,1.0,1.0,0,3,2,3,0,0,1.0,0.27035714285714285,8925.0,0.03447053571428571,7626.149531249999,0.1379172825255101,0.27035714285714285,412.35679965401783,603.2343749999999,0.03447053571428571,892.5,8925.0
7000,0.05,0.88,2.0,0.0,0.0,2.0,1.0,0.0,1,0,0,0,1,0,0.0,0.344,2975.0,0.045408,2574.5888,-0.01041360815686282,0.344,177.13170944,1589.28,0.045408,1785.0,2975.0
3500,0.3,0.88,4.0,3.0,0.0,3.0,1.0,2.0,0,1,3,1,6,0,2.0,0.44078571428571434,8925.0,0.05818371428571429,7837.78965,0.9150388144081634,0.44078571428571434,690.9571418592858,1018.215,0.05818371428571429,892.5,8925.0
3500,0.05,0.88,3.0,3.0,0.0,2.0,1.0,1.0,0,7,2,3,0,1,0.0,0.529,1487.5,0.069828,1323.61915,0.5260828079215686,0.529,140.03890607000002,1221.99,0.069828,892.5,1487.5
35000,0.3,0.45,2.0,0.0,0.0,4.0,1.0,3.0,1,3,1,0,1,0,1.0,0.45285714285714296,89250.0,0.030567857142857147,75913.18125,0.36974120708283337,0.45285714285714296,6875.565273214287,5349.375000000001,0.030567857142857147,8925.0,89250.0
75000,0.6,0.85,1.0,1.0,0.0,2.0,0.0,1.0,0,1,0,1,6,1,1.0,0.2767857142857143,382500.0,0.03529017857142857,327148.4933035714,0.6388926977040816,0.2767857142857143,18110.00587930485,13233.816964285714,0.03529017857142857,19125.0,382500.0
3500,0.6,0.85,2.0,2.0,0.0,2.0,2.0,1.0,1,2,4,4,6,1,0.0,0.5510714285714287,17850.0,0.07026160714285715,15891.169687499998,2.3400695140306125,0.5510714285714287,1751.4339162723215,1229.578125,0.07026160714285715,892.5,17850.0
3500,0.3,0.6,2.0,0.0,3.0,1.0,2.0,1.0,0,1,3,3,4,0,0.0,0.3792857142857143,8925.0,0.03413571428571428,7623.161249999999,0.31725068007202867,0.3792857142857143,578.2712319642857,597.375,0.03413571428571428,892.5,8925.0
35000,0.6,0.6,4.0,3.0,0.0,1.0,1.0,3.0,1,4,3,0,3,0,0.0,0.4496428571428572,178500.0,0.040467857142857146,153593.51249999998,1.3411002980192077,0.4496428571428572,13812.44515982143,7081.875000000001,0.040467857142857146,8925.0,178500.0
15000,0.6,0.85,3.0,1.0,1.0,1.0,2.0,2.0,1,7,1,3,2,0,1.0,0.5775,76500.0,0.07363125,68362.790625,2.5080381875,0.5775,7895.9023171875,5522.34375,0.07363125,3825.0,76500.0
5000,0.05,0.92,2.0,3.0,0.0,4.0,1.0,3.0,0,2,3,1,1,0,0.0,0.5070714285714285,2125.0,0.06997585714285713,1891.1986964285713,0.5225027400106039,0.5070714285714285,191.7945649420918,1749.3964285714283,0.06997585714285713,1275.0,2125.0
75000,1.0,0.88,2.0,1.0,1.0,2.0,2.0,2.0,0,1,2,3,1,0,0.0,0.43078571428571427,637500.0,0.05686371428571429,559000.6178571428,2.6332438665146056,0.43078571428571427,48161.896089948976,21323.89285714286,0.05686371428571429,19125.0,637500.0
7000,0.3,0.92,4.0,3.0,1.0,2.0,1.0,2.0,0,4,1,5,0,0,2.0,0.5781428571428572,17850.0,0.07978371428571429,16061.139299999999,1.6047936093973594,0.5781428571428572,1857.1265927742859,2792.4300000000003,0.07978371428571429,1785.0,17850.0
35000,0.15,0.85,4.0,0.0,4.0,2.0,0.0,2.0,0,2,2,1,5,1,0.0,0.3660714285714286,44625.0,0.04667410714285715,38675.33203125,0.2324431999362246,0.3660714285714286,2831.586809430804,8167.968750000001,0.04667410714285715,8925.0,44625.0
1500,1.0,0.6,4.0,2.0,0.0,3.0,0.0,2.0,0,3,1,2,2,0,2.0,0.40035714285714286,12750.0,0.03603214285714285,10914.409821428571,1.991303157763105,0.40035714285714286,873.9323864158163,270.2410714285714,0.03603214285714285,382.5,12750.0
35000,0.15,0.92,5.0,1.0,1.0,1.0,2.0,1.0,1,4,2,3,3,0,1.0,0.5256428571428572,44625.0,0.0725387142857143,39829.540125,0.8914843309801923,0.5256428571428572,4187.222653998215,12694.275000000003,0.0725387142857143,8925.0,44625.0
7000,0.6,0.88,3.0,0.0,4.0,2.0,1.0,0.0,1,2,1,1,6,1,1.0,0.5300714285714286,35700.0,0.06996942857142859,31771.9086,2.2589390453829536,0.5300714285714286,3368.2761960085722,2448.9300000000003,0.06996942857142859,1785.0,35700.0
3500,1.0,0.6,1.0,0.0,0.0,4.0,2.0,1.0,0,0,2,3,2,1,1.0,0.41500000000000004,29750.0,0.03735,25506.1625,2.104354607843138,0.41500000000000004,2117.0114875000004,653.625,0.03735,892.5,29750.0
1500,0.3,0.85,2.0,1.0,3.0,2.0,0.0,0.0,0,3,1,4,5,0,0.0,0.4653571428571428,3825.0,0.059333035714285706,3363.4488616071426,0.9818006753826529,0.4653571428571428,313.0409904767219,444.9977678571428,0.059333035714285706,382.5,3825.0
75000,1.0,0.92,2.0,3.0,4.0,3.0,2.0,1.0,0,1,2,3,0,0,2.0,0.6952857142857144,637500.0,0.09594942857142859,583917.7607142858,5.1270050291636675,0.6952857142857144,81197.93546846941,35981.03571428572,0.09594942857142859,19125.0,637500.0
1500,1.0,0.6,4.0,1.0,1.0,1.0,1.0,1.0,0,0,3,0,4,0,2.0,0.23,12750.0,0.0207,10718.925,0.6949556862745095,0.23,493.07054999999997,155.25,0.0207,382.5,12750.0
3500,0.05,0.92,5.0,0.0,2.0,0.0,1.0,1.0,0,2,3,4,2,0,0.0,0.2920714285714286,1487.5,0.04030585714285714,1279.7049625,-0.12593215539555833,0.2920714285714286,74.75305130946428,705.3525,0.04030585714285714,892.5,1487.5
15000,0.15,0.92,5.0,3.0,1.0,2.0,1.0,0.0,0,3,4,1,5,0,2.0,0.44635714285714284,19125.0,0.06159728571428571,16860.548089285712,0.6012971615684272,0.44635714285714284,1505.165214427806,4619.796428571428,0.06159728571428571,3825.0,19125.0
15000,1.0,0.45,4.0,0.0,2.0,1.0,0.0,0.0,1,4,1,0,3,0,1.0,0.3421428571428572,127500.0,0.023094642857142862,107494.56696428571,1.3758948674469795,0.3421428571428572,7355.699653698981,1732.0982142857147,0.023094642857142862,3825.0,127500.0
5000,0.15,0.6,3.0,0.0,3.0,1.0,2.0,1.0,1,4,2,3,1,0,2.0,0.5346428571428571,6375.0,0.048117857142857136,5534.251339285714,0.4076204064375748,0.5346428571428571,591.7695896364795,1202.9464285714284,0.048117857142857136,1275.0,6375.0
7000,1.0,0.85,5.0,3.0,3.0,0.0,1.0,1.0,1,7,1,3,3,0,2.0,0.6525,59500.0,0.08319374999999998,53740.028125,4.560142812499999,0.6525,7013.073670312499,2911.7812499999995,0.08319374999999998,1785.0,59500.0
1500,0.3,0.92,4.0,1.0,1.0,1.0,1.0,3.0,0,1,2,1,0,0,0.0,0.2927857142857143,3825.0,0.04040442857142858,3291.046939285714,0.2960719478667468,0.2927857142857143,192.71430577331634,303.03321428571434,0.04040442857142858,382.5,3825.0
75000,0.05,0.92,3.0,3.0,1.0,2.0,2.0,1.0,0,0,1,1,0,1,2.0,0.491,31875.0,0.067758,28297.286249999997,0.4738846279607844,0.491,2778.79350975,25409.25,0.067758,19125.0,31875.0
35000,0.05,0.92,3.0,3.0,1.0,2.0,1.0,0.0,0,1,3,3,4,0,2.0,0.47028571428571425,14875.0,0.06489942857142857,13162.878999999999,0.4112563350716285,0.47028571428571425,1238.0627905142856,11357.4,0.06489942857142857,8925.0,14875.0
1500,1.0,0.88,3.0,0.0,3.0,3.0,1.0,3.0,0,3,2,1,7,0,0.0,0.4443571428571429,12750.0,0.058655142857142864,11202.853071428572,2.7530120992476994,0.4443571428571429,995.6135565336735,439.91357142857146,0.058655142857142864,382.5,12750.0
35000,1.0,0.92,3.0,3.0,1.0,0.0,2.0,1.0,1,3,3,0,3,0,1.0,0.4888571428571429,297500.0,0.06746228571428571,264020.02999999997,3.215071765218087,0.4888571428571429,25813.615504571426,11805.9,0.06746228571428571,8925.0,297500.0
15000,0.15,0.88,5.0,3.0,0.0,0.0,0.0,0.0,0,1,2,4,6,1,0.0,0.31328571428571433,19125.0,0.04135371428571429,16473.389785714284,0.08070695648979608,0.31328571428571433,1032.175537144898,3101.528571428572,0.04135371428571429,3825.0,19125.0
15000,0.6,0.92,3.0,0.0,0.0,3.0,1.0,2.0,0,1,0,0,0,0,2.0,0.3102857142857143,76500.0,0.04281942857142857,66005.68628571428,0.9104788094309724,0.3102857142857143,4096.124303216327,3211.457142857143,0.04281942857142857,3825.0,76500.0
35000,0.3,0.6,1.0,0.0,4.0,2.0,2.0,3.0,0,1,2,5,3,0,1.0,0.5192857142857144,89250.0,0.04673571428571429,77356.1625,0.816553503601441,0.5192857142857144,8033.990019642859,8178.750000000001,0.04673571428571429,8925.0,89250.0
15000,0.6,0.88,3.0,0.0,3.0,1.0,1.0,0.0,0,1,4,3,2,0,2.0,0.33078571428571424,76500.0,0.04366371428571428,66070.27414285713,0.9989017350348135,0.33078571428571424,4371.020565079591,3274.778571428571,0.04366371428571428,3825.0,76500.0
35000,0.3,0.45,2.0,0.0,3.0,2.0,1.0,1.0,0,2,1,4,3,0,1.0,0.43107142857142866,89250.0,0.029097321428571434,75781.9359375,0.30257890497449,0.43107142857142866,6533.485476897324,5092.031250000001,0.029097321428571434,8925.0,89250.0
1500,1.0,0.85,3.0,3.0,0.0,3.0,1.0,1.0,0,3,2,4,1,1,0.0,0.540357142857143,12750.0,0.06889553571428572,11333.418080357143,3.553033203656464,0.540357142857143,1224.8186825414546,516.7165178571429,0.06889553571428572,382.5,12750.0
35000,1.0,0.45,2.0,0.0,0.0,3.0,1.0,1.0,0,3,1,3,1,0,2.0,0.3628571428571429,297500.0,0.024492857142857143,251236.62499999997,1.523120536214486,0.3628571428571429,18232.600785714287,4286.25,0.024492857142857143,8925.0,297500.0
35000,0.3,0.88,1.0,2.0,0.0,4.0,0.0,2.0,1,1,3,4,6,0,1.0,0.5507857142857142,89250.0,0.07270371428571427,79673.80649999999,1.4089399310468183,0.5507857142857142,8776.638884592856,12723.149999999998,0.07270371428571427,8925.0,89250.0
5000,0.15,0.92,5.0,3.0,4.0,0.0,1.0,3.0,0,2,3,1,4,0,1.0,0.4570714285714286,6375.0,0.06307585714285714,5629.608589285714,0.6404102561662666,0.4570714285714286,514.6266480405612,1576.8964285714285,0.06307585714285714,1275.0,6375.0
3500,0.05,0.45,2.0,2.0,0.0,0.0,0.0,3.0,0,7,3,1,4,0,0.0,0.255,1487.5,0.0172125,1245.3535937499998,-0.5913369374999999,0.255,63.513033281249996,301.21875,0.0172125,892.5,1487.5
35000,1.0,0.45,4.0,2.0,2.0,3.0,1.0,2.0,0,0,3,3,5,0,0.0,0.47000000000000003,297500.0,0.031725,253388.1875,2.2907971568627454,0.47000000000000003,23818.489625000002,5551.875000000001,0.031725,8925.0,297500.0
5000,0.15,0.92,5.0,0.0,4.0,3.0,1.0,3.0,0,3,2,1,1,1,0.0,0.48385714285714293,6375.0,0.06677228571428573,5653.173321428571,0.7383316087322932,0.48385714285714293,547.0656582765307,1669.3071428571432,0.06677228571428573,1275.0,6375.0
1500,0.3,0.45,3.0,0.0,4.0,3.0,1.0,0.0,0,1,3,3,0,1,2.0,0.45928571428571435,3825.0,0.031001785714285714,3255.0818303571427,0.3895840772809125,0.45928571428571435,299.0025167028062,232.51339285714286,0.031001785714285714,382.5,3825.0
3500,1.0,0.88,1.0,0.0,3.0,2.0,2.0,0.0,0,0,4,2,2,1,2.0,0.3965,29750.0,0.052338,25952.0555,2.3321154074509804,0.3965,2057.99800115,915.9150000000001,0.052338,892.5,29750.0
5000,1.0,0.45,1.0,0.0,1.0,1.0,0.0,2.0,0,3,1,1,6,0,2.0,0.21035714285714285,42500.0,0.014199107142857142,35453.46205357143,0.44827880389655866,0.21035714285714285,1491.5777963966837,354.97767857142856,0.014199107142857142,1275.0,42500.0
15000,1.0,0.92,1.0,0.0,4.0,0.0,1.0,3.0,0,3,3,1,1,0,1.0,0.3213571428571429,127500.0,0.04434728571428572,110204.27892857142,1.7213157830052028,0.3213571428571429,7082.986441423471,3326.0464285714293,0.04434728571428572,3825.0,127500.0
1500,0.6,0.6,4.0,0.0,2.0,0.0,1.0,3.0,0,7,1,2,3,0,0.0,0.3325,7650.0,0.029925,6501.9262499999995,0.717164955882353,0.3325,432.378095625,224.4375,0.029925,382.5,7650.0
3500,0.6,0.88,5.0,3.0,0.0,2.0,1.0,2.0,1,3,3,1,3,0,2.0,0.5193571428571429,17850.0,0.06855514285714286,15860.709299999999,2.190128328456182,0.5193571428571429,1647.4745331471427,1199.715,0.06855514285714286,892.5,17850.0
7000,0.3,0.45,1.0,0.0,2.0,2.0,1.0,2.0,0,1,3,0,5,0,0.0,0.2742857142857143,17850.0,0.018514285714285712,14967.48,-0.17698981032412966,0.2742857142857143,821.0731885714287,647.9999999999999,0.018514285714285712,1785.0,17850.0
35000,0.3,0.92,4.0,0.0,1.0,2.0,1.0,0.0,0,4,1,2,1,0,2.0,0.3681428571428571,89250.0,0.050803714285714285,77719.2315,0.6373115952797117,0.3681428571428571,5722.355987871428,8890.65,0.050803714285714285,8925.0,89250.0
75000,0.15,0.88,5.0,3.0,3.0,4.0,1.0,1.0,0,2,1,2,3,0,0.0,0.6625714285714286,95625.0,0.08745942857142858,86775.80785714286,1.3161474462617049,0.6625714285714286,11499.034195469389,32797.28571428572,0.08745942857142858,19125.0,95625.0
75000,0.3,0.85,3.0,0.0,1.0,1.0,0.0,2.0,0,0,4,1,1,1,0.0,0.15,191250.0,0.019125,160482.65624999997,-0.37326250000000005,0.15,4814.479687499999,7171.875,0.019125,19125.0,191250.0
15000,0.15,0.92,3.0,2.0,4.0,2.0,2.0,1.0,0,7,1,1,6,0,2.0,0.6535,19125.0,0.09018299999999999,17407.249874999998,1.3630987081470585,0.6535,2275.1275586624997,6763.7249999999985,0.09018299999999999,3825.0,19125.0
15000,0.3,0.88,5.0,3.0,4.0,2.0,1.0,3.0,0,3,3,3,1,0,1.0,0.6093571428571429,38250.0,0.08043514285714286,34441.64421428571,1.6745328358247298,0.6093571428571429,4197.452382743878,6032.635714285714,0.08043514285714286,3825.0,38250.0
35000,0.3,0.85,4.0,2.0,0.0,3.0,1.0,1.0,0,1,4,5,1,0,2.0,0.45678571428571424,89250.0,0.05824017857142856,78382.93593749999,0.9442994202806119,0.45678571428571424,7160.8410760044635,10192.031249999998,0.05824017857142856,8925.0,89250.0
75000,0.6,0.6,2.0,0.0,0.0,2.0,0.0,0.0,1,2,4,1,3,0,2.0,0.2785714285714286,382500.0,0.02507142857142857,323239.82142857136,0.4332476590636252,0.2785714285714286,18009.07576530612,9401.785714285714,0.02507142857142857,19125.0,382500.0
1500,0.3,0.6,3.0,1.0,0.0,0.0,1.0,0.0,0,3,2,1,2,1,1.0,0.21785714285714286,3825.0,0.019607142857142854,3211.497321428571,-0.24971739195678272,0.21785714285714286,139.9295261479592,147.05357142857142,0.019607142857142854,382.5,3825.0
15000,1.0,0.45,3.0,0.0,0.0,0.0,0.0,3.0,0,3,3,4,3,1,2.0,0.1578571428571429,127500.0,0.010655357142857145,105908.55803571428,0.08309444727891174,0.1578571428571429,3343.6844751275517,799.1517857142859,0.010655357142857145,3825.0,127500.0
35000,0.15,0.88,5.0,0.0,3.0,1.0,1.0,0.0,0,3,1,3,3,0,2.0,0.3968571428571428,44625.0,0.052385142857142845,38930.187,0.3733719391308519,0.3968571428571428,3089.9445567428565,9167.399999999998,0.052385142857142845,8925.0,44625.0
5000,0.6,0.88,2.0,3.0,0.0,4.0,1.0,1.0,0,1,2,4,6,0,0.0,0.5632857142857143,25500.0,0.07435371428571427,22806.01971428571,2.473022649488595,0.5632857142857143,2569.2610209551017,1858.842857142857,0.07435371428571427,1275.0,25500.0
3500,0.6,0.6,2.0,0.0,0.0,0.0,1.0,1.0,1,0,2,1,0,0,1.0,0.22500000000000003,17850.0,0.02025,14998.4625,0.15328382352941203,0.22500000000000003,674.9308125000001,354.375,0.02025,892.5,17850.0
1500,0.15,0.88,3.0,0.0,0.0,3.0,0.0,0.0,0,1,0,5,3,0,0.0,0.3582857142857143,1912.5,0.04729371428571429,1658.6992285714284,0.23806667901080458,0.3582857142857143,118.85764757877551,354.7028571428572,0.04729371428571429,382.5,1912.5
75000,1.0,0.92,5.0,0.0,2.0,4.0,0.0,1.0,1,2,0,0,1,0,2.0,0.49957142857142856,637500.0,0.06894085714285715,566699.7964285713,3.3123778720608237,0.49957142857142856,56621.40537459183,25852.82142857143,0.06894085714285715,19125.0,637500.0
75000,0.3,0.45,2.0,0.0,0.0,2.0,1.0,0.0,0,1,3,4,5,1,0.0,0.27928571428571436,191250.0,0.01885178571428572,160430.40401785713,-0.16179850255102013,0.27928571428571436,8961.183995854595,7069.419642857145,0.01885178571428572,19125.0,191250.0
1500,0.15,0.85,2.0,2.0,4.0,2.0,1.0,2.0,0,1,3,1,4,0,0.0,0.48928571428571427,1912.5,0.06238392857142856,1687.559263392857,0.6549521364795917,0.48928571428571427,165.13972791772957,467.8794642857142,0.06238392857142856,382.5,1912.5
3500,0.05,0.88,3.0,2.0,0.0,2.0,1.0,0.0,0,3,2,1,8,0,0.0,0.3818571428571429,1487.5,0.05040514285714286,1294.7276499999998,0.0991262747803122,0.3818571428571429,98.88020024142857,882.09,0.05040514285714286,892.5,1487.5
75000,0.15,0.45,2.0,3.0,4.0,0.0,0.0,0.0,1,1,4,0,1,0,0.0,0.4367857142857143,95625.0,0.029483035714285715,81231.81529017857,-0.050859205976140374,0.4367857142857143,7096.17929284917,11056.138392857143,0.029483035714285715,19125.0,95625.0
1500,1.0,0.92,1.0,0.0,0.0,2.0,2.0,2.0,1,1,0,1,1,0,2.0,0.43028571428571427,12750.0,0.05937942857142857,11212.087714285713,2.686865224681873,0.43028571428571427,964.880234155102,445.3457142857143,0.05937942857142857,382.5,12750.0
1500,0.15,0.92,3.0,0.0,0.0,3.0,1.0,2.0,0,3,0,1,1,0,0.0,0.3588571428571429,1912.5,0.04952228571428571,1662.9613714285713,0.28305949318607443,0.3588571428571429,119.35311328653061,371.41714285714284,0.04952228571428571,382.5,1912.5
3500,0.3,0.85,2.0,0.0,4.0,0.0,0.0,3.0,0,1,1,3,4,1,0.0,0.30428571428571427,8925.0,0.038796428571428565,7664.758124999999,0.28335325510204057,0.30428571428571427,466.4552801785714,678.9374999999999,0.038796428571428565,892.5,8925.0
3500,0.3,0.45,2.0,0.0,0.0,1.0,0.0,0.0,1,2,0,3,5,0,1.0,0.31107142857142855,8925.0,0.020997321428571428,7505.90109375,-0.06506733872298923,0.31107142857142855,466.9742751897321,367.453125,0.020997321428571428,892.5,8925.0
1500,0.05,0.92,1.0,2.0,3.0,2.0,2.0,1.0,0,1,3,4,3,0,0.0,0.5652857142857143,637.5,0.07800942857142858,572.4810107142857,0.6988072724105642,0.5652857142857143,64.72306741132654,585.0707142857143,0.07800942857142858,382.5,637.5
35000,0.6,0.85,1.0,1.0,1.0,2.0,2.0,3.0,0,2,0,3,1,0,0.0,0.4685714285714285,178500.0,0.059742857142857125,157034.09999999998,1.8203180408163258,0.4685714285714285,14716.338514285711,10454.999999999996,0.059742857142857125,8925.0,178500.0
75000,0.6,0.85,3.0,1.0,0.0,1.0,1.0,1.0,0,4,3,1,6,0,0.0,0.28214285714285714,382500.0,0.03597321428571429,327409.7544642857,0.6713840561224489,0.28214285714285714,18475.264716198977,13489.955357142859,0.03597321428571429,19125.0,382500.0
1500,0.15,0.45,3.0,0.0,2.0,1.0,1.0,3.0,1,3,2,3,0,0,0.0,0.4253571428571429,1912.5,0.028711607142857146,1623.1609486607142,-0.07602176660039,0.4253571428571429,138.0846207039222,215.33705357142858,0.028711607142857146,382.5,1912.5
5000,0.3,0.45,5.0,2.0,4.0,0.0,1.0,1.0,0,1,2,1,0,0,1.0,0.38178571428571434,12750.0,0.025770535714285718,10783.574330357142,0.1511108380477191,0.38178571428571434,823.402925653699,644.263392857143,0.025770535714285718,1275.0,12750.0
5000,1.0,0.85,3.0,0.0,1.0,3.0,0.0,2.0,0,3,3,3,2,0,0.0,0.34535714285714286,42500.0,0.04403303571428571,36721.404017857145,1.8527260607993201,0.34535714285714286,2536.39983466199,1100.825892857143,0.04403303571428571,1275.0,42500.0
3500,0.3,0.45,2.0,2.0,0.0,2.0,1.0,3.0,1,1,3,4,6,0,0.0,0.47928571428571437,8925.0,0.032351785714285715,7607.2396875,0.4513888083733495,0.47928571428571437,729.2082614732144,566.15625,0.032351785714285715,892.5,8925.0
3500,0.3,0.92,1.0,0.0,3.0,1.0,2.0,1.0,0,1,1,3,3,1,0.0,0.42028571428571426,8925.0,0.05799942857142857,7836.144899999999,0.8752649314381751,0.42028571428571426,658.6839513085713,1014.99,0.05799942857142857,892.5,8925.0
3500,0.6,0.88,5.0,3.0,1.0,0.0,1.0,2.0,1,1,0,3,1,0,0.0,0.5057857142857143,17850.0,0.06676371428571429,15828.732299999998,2.1031421115054023,0.5057857142857143,1601.1893345185713,1168.365,0.06676371428571429,892.5,17850.0
35000,0.3,0.45,2.0,3.0,0.0,3.0,1.0,1.0,0,1,1,3,4,0,2.0,0.4842857142857143,89250.0,0.03268928571428572,76102.51875,0.4668568661464589,0.4842857142857143,7371.072530357144,5720.625000000001,0.03268928571428572,8925.0,89250.0
75000,0.05,0.45,4.0,3.0,2.0,2.0,2.0,3.0,0,1,2,4,6,0,0.0,0.5667857142857142,31875.0,0.03825803571428571,27356.97488839286,-0.08769297237019816,0.5667857142857142,3101.108510562819,14346.763392857141,0.03825803571428571,19125.0,31875.0
75000,1.0,0.88,3.0,3.0,3.0,2.0,2.0,3.0,0,1,2,4,3,0,0.0,0.6257857142857143,637500.0,0.08260371428571428,575409.8678571428,4.385257406010403,0.6257857142857143,72016.65503280611,30976.392857142855,0.08260371428571428,19125.0,637500.0
35000,0.6,0.6,3.0,0.0,2.0,3.0,1.0,3.0,0,1,1,3,4,0,0.0,0.4167857142857143,178500.0,0.03751071428571428,153065.6625,1.1650970639255702,0.4167857142857143,12759.116295535716,6564.374999999999,0.03751071428571428,8925.0,178500.0
15000,1.0,0.45,3.0,2.0,0.0,0.0,0.0,1.0,0,0,2,3,4,0,2.0,0.20749999999999996,127500.0,0.014006249999999998,106335.796875,0.4283409987745099,0.20749999999999996,4412.9355703125,1050.4687499999998,0.014006249999999998,3825.0,127500.0
3500,0.05,0.92,3.0,0.0,4.0,2.0,1.0,2.0,0,1,0,4,1,0,0.0,0.49028571428571427,1487.5,0.06765942857142856,1320.3934,0.47172437451140453,0.49028571428571427,129.47400425142857,1184.04,0.06765942857142856,892.5,1487.5
1500,1.0,0.92,3.0,0.0,1.0,2.0,2.0,2.0,1,3,2,4,3,0,0.0,0.5313571428571429,12750.0,0.07332728571428572,11389.922892857143,3.6022954771228495,0.5313571428571429,1210.4233771423471,549.9546428571429,0.07332728571428572,382.5,12750.0
15000,0.3,0.92,3.0,0.0,1.0,2.0,1.0,3.0,0,4,3,1,2,0,0.0,0.3231428571428571,38250.0,0.044593714285714285,33070.70957142857,0.43316112082593033,0.3231428571428571,2137.312715730612,3344.5285714285715,0.044593714285714285,3825.0,38250.0
15000,0.6,0.88,1.0,0.0,3.0,1.0,1.0,0.0,0,7,4,3,1,0,0.0,0.4165,76500.0,0.054978,66935.817,1.5357133479999998,0.4165,5575.7535560999995,4123.35,0.054978,3825.0,76500.0
75000,0.15,0.45,4.0,1.0,0.0,3.0,0.0,3.0,1,2,3,0,5,1,2.0,0.36357142857142866,95625.0,0.024541071428571436,80759.23995535714,-0.21175151718187252,0.36357142857142866,5872.3504481824,9202.901785714288,0.024541071428571436,19125.0,95625.0
15000,0.05,0.88,4.0,3.0,3.0,2.0,2.0,3.0,1,2,2,1,2,0,1.0,0.6800714285714285,6375.0,0.08976942857142856,5799.780107142857,0.9664209389359741,0.6800714285714285,788.8529485729591,6732.707142857142,0.08976942857142856,3825.0,6375.0
1500,0.15,0.85,5.0,1.0,0.0,2.0,0.0,3.0,0,1,2,0,3,0,1.0,0.2317857142857143,1912.5,0.02955267857142857,1624.769497767857,-0.22362153985969388,0.2317857142857143,75.31967171795282,221.64508928571428,0.02955267857142857,382.5,1912.5
75000,0.3,0.85,2.0,0.0,4.0,3.0,1.0,1.0,1,1,2,4,3,0,0.0,0.6117857142857143,191250.0,0.07800267857142856,171743.0122767857,1.6282347059948978,0.6117857142857143,21013.984287866708,29251.00446428571,0.07800267857142856,19125.0,191250.0
15000,1.0,0.45,5.0,0.0,3.0,0.0,1.0,1.0,0,1,3,4,8,0,1.0,0.2917857142857143,127500.0,0.019695535714285714,107061.18080357142,1.019594719262705,0.2917857142857143,6247.784622608418,1477.1651785714284,0.019695535714285714,3825.0,127500.0
15000,0.15,0.85,3.0,0.0,4.0,0.0,1.0,1.0,0,3,1,1,5,1,0.0,0.34285714285714286,19125.0,0.04371428571428571,16518.535714285714,0.15327346938775507,0.34285714285714286,1132.6995918367347,3278.5714285714284,0.04371428571428571,3825.0,19125.0
75000,0.3,0.85,5.0,0.0,0.0,0.0,2.0,1.0,0,4,1,1,4,0,2.0,0.2571428571428572,191250.0,0.032785714285714286,163095.26785714284,0.08143265306122457,0.2571428571428572,8387.756632653061,12294.642857142857,0.032785714285714286,19125.0,191250.0
5000,0.3,0.88,4.0,2.0,0.0,3.0,1.0,3.0,0,7,3,1,1,1,1.0,0.47650000000000003,12750.0,0.062898,11256.949499999999,1.0746959116470587,0.47650000000000003,1072.7872873499998,1572.4499999999998,0.062898,1275.0,12750.0
15000,0.3,0.6,4.0,0.0,2.0,3.0,1.0,1.0,0,0,3,4,4,0,1.0,0.3975,38250.0,0.035774999999999994,32733.39375,0.3818117132352941,0.3975,2602.304803125,2683.1249999999995,0.035774999999999994,3825.0,38250.0
3500,0.05,0.6,3.0,0.0,0.0,4.0,0.0,1.0,0,3,0,2,2,0,1.0,0.36285714285714293,1487.5,0.032657142857142864,1268.3274999999999,-0.2565329539815924,0.36285714285714293,92.04433857142858,571.5000000000001,0.032657142857142864,892.5,1487.5
7000,1.0,0.92,3.0,3.0,4.0,2.0,2.0,1.0,0,3,1,0,2,0,1.0,0.6263571428571428,59500.0,0.08643728571428572,53933.0185,4.479871862557022,0.6263571428571428,6756.266274664285,3025.3050000000003,0.08643728571428572,1785.0,59500.0
3500,1.0,0.88,3.0,0.0,2.0,3.0,1.0,2.0,1,2,3,5,3,0,1.0,0.5600714285714286,29750.0,0.07392942857142858,26594.4005,3.7873588526690676,0.5600714285714286,2978.952776007143,1293.765,0.07392942857142858,892.5,29750.0
7000,0.05,0.85,5.0,2.0,4.0,2.0,2.0,1.0,0,3,1,1,7,0,0.0,0.5928571428571427,2975.0,0.07558928571428569,2664.3781249999997,0.6591283588435368,0.5928571428571427,315.9191205357142,2645.624999999999,0.07558928571428569,1785.0,2975.0
7000,0.6,0.88,2.0,0.0,1.0,1.0,2.0,1.0,1,0,3,0,6,1,0.0,0.344,35700.0,0.045408,30895.065599999998,1.0811543491764704,0.344,2125.5805132799996,1589.28,0.045408,1785.0,35700.0
35000,0.3,0.88,1.0,3.0,2.0,1.0,1.0,0.0,1,3,1,1,4,0,2.0,0.5693571428571429,89250.0,0.07515514285714285,79892.5965,1.4929562012028814,0.5693571428571429,9097.484095735716,13152.15,0.07515514285714285,8925.0,89250.0
35000,0.3,0.88,3.0,0.0,1.0,3.0,0.0,1.0,0,3,1,4,6,1,0.0,0.3918571428571429,89250.0,0.05172514285714286,77801.469,0.6974019350684274,0.3918571428571429,6097.4122704857145,9051.9,0.05172514285714286,8925.0,89250.0
35000,0.05,0.92,1.0,1.0,2.0,1.0,0.0,3.0,1,1,4,1,3,0,1.0,0.35528571428571426,14875.0,0.049029428571428564,12926.81275,0.06427925829291689,0.35528571428571426,918.5423802642856,8580.149999999998,0.049029428571428564,8925.0,14875.0
1500,0.05,0.85,2.0,1.0,0.0,2.0,1.0,2.0,0,3,1,3,5,1,0.0,0.3828571428571429,637.5,0.04881428571428572,553.869107142857,0.06802010884353754,0.3828571428571429,42.4105487755102,366.1071428571429,0.04881428571428572,382.5,637.5
5000,0.3,0.6,2.0,3.0,1.0,4.0,2.0,1.0,1,4,1,4,3,1,0.0,0.7921428571428571,12750.0,0.07129285714285713,11363.983928571428,1.809961700480192,0.7921428571428571,1800.3797395408164,1782.3214285714282,0.07129285714285713,1275.0,12750.0
1500,0.6,0.92,5.0,1.0,2.0,3.0,0.0,2.0,0,0,3,5,1,0,2.0,0.4335,7650.0,0.059823,6730.645949999999,1.698613082,0.4335,583.547003865,448.6725,0.059823,382.5,7650.0
15000,0.3,0.88,5.0,1.0,3.0,2.0,1.0,0.0,0,1,2,1,2,0,0.0,0.41578571428571426,38250.0,0.05488371428571428,33464.30207142857,0.8036795606266504,0.41578571428571426,2782.795747968367,4116.278571428571,0.05488371428571428,3825.0,38250.0
15000,0.6,0.92,1.0,2.0,0.0,0.0,2.0,1.0,0,0,4,3,0,0,1.0,0.306,76500.0,0.042228,65960.442,0.883367072,0.306,4036.7790504,3167.1,0.042228,3825.0,76500.0
7000,1.0,0.6,3.0,1.0,3.0,2.0,2.0,1.0,1,3,2,4,1,1,2.0,0.640357142857143,59500.0,0.05763214285714287,52219.1125,3.8766954266706692,0.640357142857143,6687.776336607145,2017.1250000000005,0.05763214285714287,1785.0,59500.0
75000,0.15,0.6,5.0,2.0,4.0,0.0,2.0,1.0,1,3,2,3,2,0,0.0,0.607857142857143,95625.0,0.054707142857142864,83643.87053571428,0.6043860603241298,0.607857142857143,10168.70483227041,20515.178571428572,0.054707142857142864,19125.0,95625.0
35000,0.05,0.92,3.0,2.0,2.0,2.0,2.0,3.0,0,1,4,4,5,0,2.0,0.5152857142857143,14875.0,0.07110942857142859,13255.25275,0.5473611738111249,0.5152857142857143,1366.048476264286,12444.150000000003,0.07110942857142859,8925.0,14875.0
15000,0.05,0.45,3.0,0.0,4.0,2.0,0.0,3.0,0,1,2,3,5,0,0.0,0.37178571428571433,6375.0,0.025095535714285716,5387.484040178571,-0.40319918980717284,0.37178571428571433,400.5979204161353,1882.1651785714287,0.025095535714285716,3825.0,6375.0
15000,0.3,0.92,4.0,0.0,3.0,3.0,1.0,0.0,0,3,2,4,4,0,0.0,0.5063571428571428,38250.0,0.06987728571428571,34037.80617857143,1.2713342969183672,0.5063571428571428,3447.0572571413268,5240.796428571428,0.06987728571428571,3825.0,38250.0
75000,1.0,0.45,3.0,0.0,0.0,2.0,0.0,2.0,1,3,0,5,5,1,0.0,0.41535714285714287,637500.0,0.028036607142857144,540623.3370535714,1.8979911428321328,0.41535714285714287,44910.35292809311,10513.72767857143,0.028036607142857144,19125.0,637500.0
15000,0.6,0.45,3.0,0.0,0.0,1.0,1.0,0.0,0,1,0,1,4,0,0.0,0.2067857142857143,76500.0,0.013958035714285714,63797.789732142846,-0.036510592812124994,0.2067857142857143,2638.4943039221935,1046.8526785714287,0.013958035714285714,3825.0,76500.0
75000,1.0,0.6,2.0,2.0,0.0,3.0,2.0,1.0,1,3,0,1,3,0,1.0,0.592857142857143,637500.0,0.05335714285714286,556765.1785714285,3.498058623449381,0.592857142857143,66016.44260204083,20008.928571428572,0.05335714285714286,19125.0,637500.0
35000,0.05,0.45,3.0,0.0,2.0,3.0,2.0,0.0,0,1,2,3,0,1,0.0,0.4467857142857144,14875.0,0.03015803571428572,12646.10078125,-0.2820531446391055,0.4467857142857144,1130.0194340959824,5277.656250000001,0.03015803571428572,8925.0,14875.0
15000,0.6,0.85,3.0,2.0,3.0,0.0,2.0,1.0,0,7,3,1,3,1,0.0,0.4875,76500.0,0.062156249999999996,67484.953125,1.9389546874999997,0.4875,6579.7829296875,4661.71875,0.062156249999999996,3825.0,76500.0
75000,0.3,0.92,2.0,1.0,1.0,2.0,0.0,1.0,1,0,1,3,0,0,1.0,0.43099999999999994,191250.0,0.05947799999999999,168200.1675,0.924345330117647,0.43099999999999994,14498.8544385,22304.249999999996,0.05947799999999999,19125.0,191250.0
5000,0.6,0.88,2.0,1.0,2.0,1.0,0.0,3.0,0,7,3,1,0,0,0.0,0.35150000000000003,25500.0,0.046398,22093.149,1.1279202938823534,0.35150000000000003,1553.1483747000004,1159.95,0.046398,1275.0,25500.0
3500,0.05,0.45,2.0,0.0,3.0,0.0,1.0,0.0,0,7,1,4,3,1,0.0,0.40249999999999997,1487.5,0.027168749999999995,1260.163515625,-0.35361760447303936,0.40249999999999997,101.4431630078125,475.4531249999999,0.027168749999999995,892.5,1487.5
15000,0.3,0.45,4.0,0.0,2.0,3.0,1.0,2.0,0,1,0,1,2,0,0.0,0.38178571428571434,38250.0,0.025770535714285718,32350.722991071427,0.15111083804771933,0.38178571428571434,2470.2087769610976,1932.790178571429,0.025770535714285718,3825.0,38250.0
35000,0.3,0.45,4.0,1.0,1.0,1.0,1.0,1.0,1,3,3,3,3,0,1.0,0.42535714285714293,89250.0,0.028711607142857146,75747.5109375,0.2849837777235896,0.42535714285714293,6443.948966183038,5024.531250000001,0.028711607142857146,8925.0,89250.0
35000,0.6,0.6,4.0,3.0,2.0,1.0,1.0,2.0,1,3,2,0,3,0,2.0,0.5228571428571429,178500.0,0.04705714285714286,154769.7,1.7360771572629055,0.5228571428571429,16184.488628571431,8235.0,0.04705714285714286,8925.0,178500.0
7000,0.3,0.88,4.0,1.0,0.0,0.0,1.0,0.0,1,0,0,5,7,0,1.0,0.394,17850.0,0.052008,15565.342799999999,0.7069070098823528,0.394,1226.54901264,1820.28,0.052008,1785.0,17850.0
75000,0.3,0.45,3.0,1.0,3.0,3.0,1.0,1.0,0,3,0,1,0,0,1.0,0.4978571428571429,191250.0,0.033605357142857145,163252.02455357142,0.5088756198979594,0.4978571428571429,16255.237301977042,12602.00892857143,0.033605357142857145,19125.0,191250.0
5000,0.05,0.6,3.0,1.0,0.0,3.0,1.0,2.0,0,1,3,3,5,0,0.0,0.3667857142857143,2125.0,0.03301071428571429,1812.6477678571428,-0.2484403777260904,0.3667857142857143,132.97066125637755,825.2678571428572,0.03301071428571429,1275.0,2125.0
3500,0.6,0.92,3.0,1.0,0.0,0.0,1.0,1.0,1,1,0,4,3,0,2.0,0.3902857142857143,17850.0,0.05385942857142857,15598.3908,1.4202866319519805,0.3902857142857143,1217.5658190171428,942.54,0.05385942857142857,892.5,17850.0
1500,0.05,0.92,3.0,1.0,2.0,2.0,2.0,1.0,0,1,0,4,5,0,0.0,0.5152857142857143,637.5,0.07110942857142859,568.0822607142857,0.5473611738111248,0.5152857142857143,58.54493469704082,533.3207142857144,0.07110942857142859,382.5,637.5
3500,1.0,0.88,3.0,1.0,1.0,1.0,1.0,1.0,1,1,2,4,0,0,0.0,0.45078571428571435,29750.0,0.05950371428571429,26165.2355,2.8098575628731495,0.45078571428571435,2358.982874864286,1041.315,0.05950371428571429,892.5,29750.0
75000,0.3,0.92,4.0,0.0,0.0,2.0,1.0,1.0,0,2,1,4,2,0,0.0,0.3420714285714286,191250.0,0.04720585714285715,165853.12017857144,0.5188977348535417,0.3420714285714286,11346.722750502553,17702.19642857143,0.04720585714285715,19125.0,191250.0
3500,0.05,0.6,4.0,0.0,0.0,2.0,1.0,1.0,0,3,1,0,3,1,0.0,0.2603571428571429,1487.5,0.023432142857142856,1254.6053125,-0.4673483575180072,0.2603571428571429,65.3290909151786,410.0625,0.023432142857142856,892.5,1487.5
1500,0.3,0.85,1.0,0.0,1.0,1.0,1.0,2.0,0,1,3,3,1,1,2.0,0.2667857142857143,3825.0,0.03401517857142857,3266.608058035714,0.12264238456632647,0.2667857142857143,174.2968728109056,255.11383928571428,0.03401517857142857,382.5,3825.0
35000,0.3,0.45,4.0,2.0,0.0,1.0,2.0,2.0,1,7,1,3,4,0,0.0,0.57,89250.0,0.038474999999999995,76618.89375,0.7330732647058822,0.57,8734.5538875,6733.124999999999,0.038474999999999995,8925.0,89250.0
7000,0.05,0.88,4.0,1.0,0.0,1.0,1.0,1.0,0,0,3,3,1,0,0.0,0.2665,2975.0,0.035178,2544.15455,-0.2342669817843137,0.2665,135.60343751500002,1231.23,0.035178,1785.0,2975.0
1500,0.6,0.6,4.0,0.0,2.0,4.0,1.0,0.0,0,3,3,3,0,0,0.0,0.47035714285714286,7650.0,0.04233214285714285,6596.8408928571425,1.4524583484393754,0.47035714285714286,620.5742468494898,317.4910714285714,0.04233214285714285,382.5,7650.0
35000,0.05,0.6,5.0,0.0,1.0,2.0,1.0,2.0,1,1,2,0,0,0,2.0,0.3567857142857144,14875.0,0.03211071428571429,12675.146875,-0.2690378413115245,0.3567857142857144,904.4622662946431,5619.375000000001,0.03211071428571429,8925.0,14875.0
75000,0.3,0.88,3.0,1.0,3.0,0.0,1.0,2.0,0,3,1,3,3,1,2.0,0.3968571428571428,191250.0,0.052385142857142845,166843.65857142856,0.719584214396158,0.3968571428571428,13242.619528897956,19644.42857142857,0.052385142857142845,19125.0,191250.0
5000,0.05,0.6,2.0,0.0,3.0,3.0,1.0,3.0,0,0,2,1,5,0,2.0,0.38750000000000007,2125.0,0.034875,1816.6093749999998,-0.20575511642156855,0.38750000000000007,140.78722656250002,871.8750000000001,0.034875,1275.0,2125.0
5000,0.6,0.85,3.0,0.0,0.0,2.0,1.0,1.0,1,1,0,4,1,0,0.0,0.43678571428571433,25500.0,0.05569017857142857,22330.09955357143,1.6219201262755105,0.43678571428571433,1950.6936967155616,1392.2544642857142,0.05569017857142857,1275.0,25500.0
75000,1.0,0.92,4.0,0.0,0.0,4.0,2.0,1.0,0,1,2,2,0,0,0.0,0.4252857142857143,637500.0,0.05868942857142858,560164.5107142857,2.6420668510124057,0.4252857142857143,47645.992811326534,22008.535714285717,0.05868942857142858,19125.0,637500.0
75000,0.6,0.88,2.0,0.0,0.0,1.0,0.0,3.0,0,1,3,0,4,0,1.0,0.12078571428571429,382500.0,0.015943714285714287,319748.4707142857,-0.28349791672989194,0.12078571428571429,7724.209485397959,5978.892857142858,0.015943714285714287,19125.0,382500.0
75000,0.05,0.92,2.0,0.0,0.0,2.0,1.0,0.0,1,1,3,4,3,1,0.0,0.40278571428571436,31875.0,0.055584428571428576,27909.253660714283,0.20744838946238517,0.40278571428571436,2248.289734182398,20844.160714285717,0.055584428571428576,19125.0,31875.0
3500,0.6,0.92,5.0,0.0,0.0,1.0,2.0,2.0,0,3,2,3,3,0,0.0,0.3238571428571429,17850.0,0.044692285714285726,15434.7573,0.9964664201392561,0.3238571428571429,999.7312799742859,782.1150000000002,0.044692285714285726,892.5,17850.0
15000,0.3,0.88,1.0,1.0,0.0,4.0,0.0,1.0,1,4,2,5,4,1,1.0,0.5761428571428572,38250.0,0.07605085714285716,34273.94528571428,1.5236998792701086,0.5761428571428572,3949.337752493878,5703.814285714287,0.07605085714285716,3825.0,38250.0
35000,0.05,0.45,4.0,0.0,0.0,1.0,1.0,3.0,0,0,3,4,2,0,0.0,0.21500000000000002,14875.0,0.014512500000000001,12413.3734375,-0.6556344473039216,0.21500000000000002,533.7750578125001,2539.6875,0.014512500000000001,8925.0,14875.0
7000,0.05,0.6,3.0,3.0,3.0,0.0,1.0,1.0,0,2,2,4,2,0,1.0,0.4760714285714286,2975.0,0.04284642857142857,2566.968125,-0.022948438950580193,0.4760714285714286,244.41203647321433,1499.625,0.04284642857142857,1785.0,2975.0
5000,0.3,0.88,3.0,1.0,1.0,4.0,0.0,2.0,1,1,1,0,4,0,0.0,0.4832857142857143,12750.0,0.06379371428571429,11268.369857142856,1.1051068958367347,0.4832857142857143,1089.1684350489795,1594.8428571428572,0.06379371428571429,1275.0,12750.0
1500,0.15,0.6,3.0,3.0,1.0,2.0,1.0,1.0,0,1,2,3,3,0,0.0,0.46678571428571425,1912.5,0.042010714285714276,1648.5954910714283,0.22611378278811498,0.46678571428571425,153.90816477359692,315.08035714285705,0.042010714285714276,382.5,1912.5
75000,0.6,0.6,1.0,3.0,4.0,3.0,2.0,0.0,1,3,0,3,5,0,0.0,0.832857142857143,382500.0,0.07495714285714286,342321.1071428571,3.451233695078032,0.832857142857143,57020.915846938784,28108.928571428572,0.07495714285714286,19125.0,382500.0
7000,1.0,0.85,3.0,0.0,0.0,3.0,1.0,0.0,1,1,1,4,0,0,0.0,0.4742857142857143,59500.0,0.06047142857142857,52388.05,2.9696810884353746,0.4742857142857143,4969.380742857144,2116.5,0.06047142857142857,1785.0,59500.0
15000,0.3,0.92,5.0,3.0,0.0,3.0,2.0,3.0,0,1,3,1,0,0,2.0,0.4927857142857143,38250.0,0.06800442857142858,33966.16939285714,1.208611961312125,0.4927857142857143,3347.608609161735,5100.3321428571435,0.06800442857142858,3825.0,38250.0
1500,0.15,0.45,1.0,2.0,0.0,4.0,1.0,2.0,0,1,3,2,6,0,2.0,0.4392857142857143,1912.5,0.029651785714285714,1624.9590401785713,-0.04535254539315734,0.4392857142857143,142.76425852997448,222.38839285714286,0.029651785714285714,382.5,1912.5
5000,0.3,0.88,3.0,3.0,0.0,0.0,0.0,1.0,1,2,0,4,7,0,0.0,0.45257142857142857,12750.0,0.05973942857142857,11216.677714285714,0.9676512044561822,0.45257142857142857,1015.2695713959182,1493.4857142857143,0.05973942857142857,1275.0,12750.0
1500,0.3,0.45,1.0,3.0,4.0,2.0,2.0,0.0,0,1,2,0,3,1,0.0,0.5617857142857142,3825.0,0.03792053571428571,3281.5460491071426,0.7074749178796517,0.5617857142857142,368.7051382318239,284.40401785714283,0.03792053571428571,382.5,3825.0
5000,0.05,0.85,2.0,3.0,4.0,1.0,1.0,1.0,0,7,4,3,4,1,1.0,0.6025,2125.0,0.07681874999999999,1905.73984375,0.6863610989583332,0.6025,229.64165117187503,1920.4687499999998,0.07681874999999999,1275.0,2125.0
5000,0.6,0.88,3.0,0.0,3.0,2.0,1.0,2.0,1,1,2,3,0,0,0.0,0.5057857142857143,25500.0,0.06676371428571429,22612.474714285712,2.1031421115054023,0.5057857142857143,2287.4133350265306,1669.0928571428572,0.06676371428571429,1275.0,25500.0
75000,0.05,0.6,3.0,0.0,0.0,2.0,2.0,1.0,0,3,3,1,4,0,2.0,0.30535714285714294,31875.0,0.02748214285714286,27013.493303571428,-0.3748728785264105,0.30535714285714294,1649.7526267538271,10305.803571428572,0.02748214285714286,19125.0,31875.0
5000,0.15,0.45,3.0,0.0,1.0,4.0,1.0,2.0,0,3,3,3,8,0,2.0,0.42535714285714293,6375.0,0.028711607142857146,5410.536495535714,-0.07602176660039,0.42535714285714293,460.282069013074,717.7901785714287,0.028711607142857146,1275.0,6375.0
75000,0.15,0.88,4.0,2.0,4.0,1.0,1.0,2.0,0,0,0,1,2,0,0.0,0.46399999999999997,95625.0,0.061248,84269.34,0.6098402484705882,0.46399999999999997,7820.1947519999985,22968.0,0.061248,19125.0,95625.0
5000,1.0,0.88,3.0,0.0,4.0,3.0,2.0,3.0,1,0,2,4,2,1,2.0,0.6490000000000001,42500.0,0.08566800000000002,38490.89,4.598288252549021,0.6490000000000001,4996.117522000001,2141.7000000000007,0.08566800000000002,1275.0,42500.0
7000,0.15,0.92,1.0,1.0,2.0,2.0,2.0,2.0,0,7,0,1,6,0,1.0,0.541,8925.0,0.074658,7984.822649999999,0.9478923309411765,0.541,863.95781073,2613.03,0.074658,1785.0,8925.0
5000,0.6,0.45,5.0,0.0,2.0,4.0,0.0,2.0,1,3,1,1,0,0,2.0,0.497857142857143,25500.0,0.03360535714285715,21766.936607142856,1.3588226683673477,0.497857142857143,2167.3649735969393,840.1339285714288,0.03360535714285715,1275.0,25500.0
1500,0.6,0.92,1.0,1.0,4.0,2.0,2.0,3.0,0,1,3,1,7,1,0.0,0.4927857142857143,7650.0,0.06800442857142858,6793.233878571428,2.083803754557023,0.4927857142857143,669.521721832347,510.03321428571434,0.06800442857142858,382.5,7650.0
5000,0.05,0.88,1.0,3.0,4.0,4.0,1.0,1.0,0,0,4,3,1,0,1.0,0.6540000000000001,2125.0,0.08632800000000002,1925.9470000000001,0.8902853863529415,0.6540000000000001,251.9138676000001,2158.2000000000003,0.08632800000000002,1275.0,2125.0
3500,0.3,0.6,3.0,1.0,0.0,2.0,0.0,2.0,0,1,3,2,0,1,2.0,0.2467857142857143,8925.0,0.022210714285714285,7516.730625,-0.14880465291116451,0.2467857142857143,371.0043472767857,388.6875,0.022210714285714285,892.5,8925.0
15000,1.0,0.45,4.0,0.0,0.0,0.0,1.0,3.0,0,1,0,3,1,0,2.0,0.19678571428571429,127500.0,0.013283035714285714,106243.58705357142,0.35363966324029605,0.19678571428571429,4181.444033322704,996.2276785714286,0.013283035714285714,3825.0,127500.0
1500,0.3,0.45,2.0,0.0,0.0,2.0,1.0,1.0,1,3,1,1,3,0,1.0,0.372857142857143,3825.0,0.02516785714285715,3232.7670535714287,0.12374113985594282,0.372857142857143,241.0720574234695,188.75892857142864,0.02516785714285715,382.5,3825.0
5000,0.3,0.45,2.0,0.0,0.0,2.0,0.0,0.0,1,3,0,5,3,0,1.0,0.41535714285714287,12750.0,0.028036607142857144,10812.466741071428,0.25421351932022807,0.41535714285714287,898.2070585618623,700.9151785714286,0.028036607142857144,1275.0,12750.0
15000,0.6,0.88,5.0,1.0,0.0,2.0,1.0,3.0,1,1,0,1,3,0,0.0,0.42828571428571427,76500.0,0.056533714285714284,67054.82914285714,1.6101316733541413,0.42828571428571427,5743.7250791510205,4240.028571428571,0.056533714285714284,3825.0,76500.0
7000,1.0,0.6,3.0,2.0,1.0,4.0,0.0,1.0,0,2,3,2,8,0,1.0,0.4485714285714287,59500.0,0.04037142857142858,51192.1,2.3645169107643063,0.4485714285714287,4592.662685714286,1413.0000000000002,0.04037142857142858,1785.0,59500.0
1500,0.6,0.92,3.0,0.0,2.0,2.0,2.0,0.0,0,3,3,1,1,0,2.0,0.3963571428571429,7650.0,0.05469728571428572,6691.434235714285,1.4592658664417768,0.3963571428571429,530.4395510568368,410.2296428571429,0.05469728571428572,382.5,7650.0
3500,0.3,0.92,2.0,3.0,1.0,2.0,1.0,1.0,0,1,3,4,5,0,1.0,0.49028571428571427,8925.0,0.06765942857142856,7922.3604,1.1970689361440574,0.49028571428571427,776.8440255085713,1184.04,0.06765942857142856,892.5,8925.0
5000,0.05,0.45,3.0,3.0,3.0,2.0,1.0,1.0,0,4,4,4,0,0,0.0,0.5721428571428571,2125.0,0.03861964285714285,1824.5667410714284,-0.0790010689525811,0.5721428571428571,208.78256565688773,965.4910714285713,0.03861964285714285,1275.0,2125.0
35000,0.15,0.45,3.0,2.0,0.0,2.0,0.0,1.0,0,7,0,3,6,0,1.0,0.43250000000000005,44625.0,0.02919375,37895.27109375,-0.06029723253676461,0.43250000000000005,3277.9409496093754,5108.90625,0.02919375,8925.0,44625.0
35000,0.05,0.92,3.0,3.0,2.0,1.0,1.0,3.0,0,4,1,0,2,1,2.0,0.46564285714285714,14875.0,0.0642587142857143,13153.348375,0.39722437464045635,0.46564285714285714,1224.9525436660715,11245.275000000001,0.0642587142857143,8925.0,14875.0
3500,0.3,0.85,1.0,0.0,0.0,4.0,0.0,1.0,0,4,0,1,2,0,0.0,0.36964285714285716,8925.0,0.04712946428571428,7739.13046875,0.5651635682397957,0.36964285714285716,572.1428596540179,824.7656249999999,0.04712946428571428,892.5,8925.0
3500,0.6,0.85,1.0,0.0,3.0,2.0,1.0,1.0,1,3,0,2,3,1,0.0,0.5378571428571429,17850.0,0.06857678571428572,15861.095625,2.256352341836735,0.5378571428571429,1706.200715089286,1200.09375,0.06857678571428572,892.5,17850.0
15000,0.6,0.6,3.0,3.0,1.0,2.0,0.0,3.0,1,4,3,3,1,0,1.0,0.5471428571428572,76500.0,0.049242857142857144,66497.07857142857,1.8679463001200483,0.5471428571428572,7276.680312244898,3693.214285714286,0.049242857142857144,3825.0,76500.0
35000,0.6,0.92,3.0,2.0,0.0,1.0,1.0,0.0,0,3,2,3,8,1,0.0,0.3738571428571429,178500.0,0.051592285714285716,155579.223,1.315017452072029,0.3738571428571429,11632.880759742859,9028.65,0.051592285714285716,8925.0,178500.0
75000,0.15,0.85,4.0,0.0,2.0,3.0,0.0,1.0,0,0,3,1,2,0,0.0,0.30000000000000004,95625.0,0.038250000000000006,82070.15625,0.007475000000000114,0.30000000000000004,4924.209375,14343.750000000002,0.038250000000000006,19125.0,95625.0
35000,0.6,0.88,5.0,0.0,0.0,4.0,0.0,2.0,0,1,1,0,1,0,0.0,0.2957857142857143,178500.0,0.039043714285714286,153339.30299999999,0.7819344597406963,0.2957857142857143,9071.115053185715,6832.65,0.039043714285714286,8925.0,178500.0
1500,0.6,0.88,4.0,1.0,0.0,4.0,1.0,3.0,1,1,0,3,2,1,0.0,0.5682857142857143,7650.0,0.07501371428571428,6846.854914285714,2.505351174530612,0.5682857142857143,778.1939671151019,562.6028571428571,0.07501371428571428,382.5,7650.0
15000,0.3,0.92,2.0,3.0,0.0,4.0,1.0,1.0,0,4,0,0,3,0,1.0,0.5531428571428572,38250.0,0.07633371428571428,34284.76457142857,1.488340679145258,0.5531428571428572,3792.8745263020405,5725.028571428571,0.07633371428571428,3825.0,38250.0
35000,0.3,0.88,3.0,0.0,0.0,3.0,1.0,0.0,0,2,3,4,3,1,1.0,0.3650714285714286,89250.0,0.04818942857142857,77485.9065,0.5787930662208884,0.3650714285714286,5657.578116021429,8433.15,0.04818942857142857,8925.0,89250.0
3500,0.6,0.6,3.0,0.0,2.0,2.0,1.0,2.0,1,1,1,3,3,1,1.0,0.46678571428571425,17850.0,0.042010714285714276,15386.891249999999,1.4332366437575028,0.46678571428571425,1436.4762045535713,735.1874999999999,0.042010714285714276,892.5,17850.0
15000,1.0,0.92,1.0,1.0,4.0,4.0,2.0,2.0,0,3,2,1,4,1,1.0,0.6338571428571429,127500.0,0.08747228571428572,115702.71642857141,4.54986145877551,0.6338571428571429,14667.798651244897,6560.42142857143,0.08747228571428572,3825.0,127500.0
3500,1.0,0.88,2.0,1.0,0.0,0.0,2.0,1.0,0,1,4,1,1,0,0.0,0.2282857142857143,29750.0,0.030133714285714288,25291.478,0.884679690884354,0.2282857142857143,1154.7366241142859,527.34,0.030133714285714288,892.5,29750.0
35000,0.05,0.45,3.0,2.0,1.0,4.0,1.0,3.0,0,7,3,5,3,0,0.0,0.6224999999999999,14875.0,0.042018749999999994,12822.52890625,0.0027659494485293176,0.6224999999999999,1596.4048488281248,7353.281249999999,0.042018749999999994,8925.0,14875.0
5000,1.0,0.85,1.0,2.0,3.0,0.0,1.0,2.0,0,0,3,1,3,1,0.0,0.33749999999999997,42500.0,0.04303124999999999,36678.828125,1.7855703124999998,0.33749999999999997,2475.8208984374996,1075.7812499999998,0.04303124999999999,1275.0,42500.0
15000,0.15,0.6,3.0,3.0,4.0,1.0,1.0,2.0,1,0,3,0,0,0,0.0,0.5425,19125.0,0.04882499999999999,16616.278125,0.4286905036764704,0.5425,1802.8661765625,3661.8749999999995,0.04882499999999999,3825.0,19125.0
15000,0.15,0.92,5.0,0.0,3.0,4.0,1.0,2.0,1,3,2,0,3,0,1.0,0.5763571428571429,19125.0,0.07953728571428573,17203.650589285713,1.078009361736495,0.5763571428571429,1983.0893800706635,5965.29642857143,0.07953728571428573,3825.0,19125.0
7000,1.0,0.88,3.0,2.0,3.0,2.0,0.0,2.0,1,3,2,3,1,0,0.0,0.5843571428571429,59500.0,0.07713514285714286,53379.541,4.007435973757503,0.5843571428571429,6238.543213157143,2699.73,0.07713514285714286,1785.0,59500.0
5000,0.6,0.88,1.0,1.0,4.0,2.0,0.0,1.0,1,1,1,1,5,0,1.0,0.5157857142857143,25500.0,0.06808371428571429,22646.134714285712,2.1672183615894354,0.5157857142857143,2336.110553883673,1702.0928571428572,0.06808371428571429,1275.0,25500.0
1500,1.0,0.85,5.0,2.0,3.0,4.0,0.0,1.0,1,2,2,3,3,0,0.0,0.6685714285714285,12750.0,0.08524285714285712,11541.846428571427,4.706225306122448,0.6685714285714285,1543.309751020408,639.3214285714284,0.08524285714285712,382.5,12750.0
3500,1.0,0.6,3.0,3.0,1.0,4.0,1.0,2.0,0,1,1,0,4,0,0.0,0.5192857142857142,29750.0,0.04673571428571428,25785.3875,2.916943051220488,0.5192857142857142,2677.9966732142857,817.875,0.04673571428571428,892.5,29750.0
35000,0.6,0.45,5.0,1.0,0.0,1.0,1.0,2.0,0,0,1,3,3,0,0.0,0.27,178500.0,0.018225,149623.1625,0.2626359411764708,0.27,8079.650775000002,3189.3750000000005,0.018225,8925.0,178500.0
15000,0.6,0.85,3.0,2.0,4.0,1.0,0.0,1.0,0,1,0,0,3,0,1.0,0.40678571428571425,76500.0,0.05186517857142857,66697.68616071428,1.4356134834183671,0.40678571428571425,5426.333181218111,3889.8883928571427,0.05186517857142857,3825.0,76500.0
75000,0.3,0.6,3.0,1.0,1.0,2.0,1.0,2.0,1,1,3,1,4,0,2.0,0.4142857142857143,191250.0,0.03728571428571428,163955.89285714284,0.44141488595438183,0.4142857142857143,13584.916836734696,13982.142857142857,0.03728571428571428,19125.0,191250.0
1500,0.6,0.88,5.0,0.0,0.0,4.0,2.0,2.0,1,3,1,4,3,0,0.0,0.6043571428571429,7650.0,0.07977514285714286,6883.279842857142,2.73936062559904,0.6043571428571429,831.9918678630613,598.3135714285714,0.07977514285714286,382.5,7650.0
7000,0.3,0.92,4.0,2.0,1.0,1.0,1.0,0.0,0,3,2,1,4,0,2.0,0.3713571428571429,17850.0,0.05124728571428572,15551.76405,0.6519365449855946,0.3713571428571429,1155.051732799286,1793.6550000000002,0.05124728571428572,1785.0,17850.0
7000,0.6,0.92,5.0,2.0,3.0,0.0,1.0,0.0,1,1,2,0,1,1,0.0,0.4477857142857143,35700.0,0.06179442857142857,31480.0611,1.791075254388956,0.4477857142857143,2819.264329084286,2162.805,0.06179442857142857,1785.0,35700.0
35000,0.6,0.85,3.0,3.0,0.0,3.0,0.0,3.0,0,1,3,3,3,1,0.0,0.4292857142857143,178500.0,0.054733928571428565,156140.00624999998,1.5752574030612245,0.4292857142857143,13405.734822321429,9578.437499999998,0.054733928571428565,8925.0,178500.0
5000,1.0,0.88,4.0,1.0,0.0,3.0,1.0,3.0,0,3,4,1,4,0,0.0,0.3568571428571429,42500.0,0.04710514285714286,36851.968571428566,1.9865146776790719,0.3568571428571429,2630.177642612245,1177.6285714285714,0.04710514285714286,1275.0,42500.0
3500,0.6,0.6,4.0,3.0,4.0,3.0,2.0,1.0,0,3,1,4,4,0,0.0,0.7403571428571428,17850.0,0.06663214285714285,15826.383749999999,2.9322103652460982,0.7403571428571428,2343.435250982143,1166.0624999999998,0.06663214285714285,892.5,17850.0
15000,0.3,0.6,1.0,0.0,1.0,2.0,2.0,1.0,0,1,0,3,4,0,2.0,0.39178571428571424,38250.0,0.03526071428571428,32713.72232142857,0.361544414315726,0.39178571428571424,2563.3538133290813,2644.5535714285706,0.03526071428571428,3825.0,38250.0
15000,0.3,0.6,1.0,2.0,4.0,4.0,2.0,2.0,1,1,1,2,0,0,0.0,0.7717857142857143,38250.0,0.06946071428571428,34021.87232142857,1.7349209353241295,0.7717857142857143,5251.519006186225,5209.553571428571,0.06946071428571428,3825.0,38250.0
15000,0.15,0.85,5.0,3.0,0.0,4.0,0.0,1.0,1,1,0,0,5,0,1.0,0.5567857142857143,19125.0,0.07099017857142857,17040.18716517857,0.8880548887117348,0.5567857142857143,1897.5465564652422,5324.263392857143,0.07099017857142857,3825.0,19125.0
7000,0.15,0.92,4.0,2.0,3.0,3.0,1.0,3.0,1,0,2,4,0,0,2.0,0.6635000000000001,8925.0,0.09156300000000002,8135.699775,1.4001749916764714,0.6635000000000001,1079.6073601425003,3204.705000000001,0.09156300000000002,1785.0,8925.0
7000,0.6,0.92,3.0,3.0,4.0,0.0,1.0,1.0,0,2,2,0,1,0,0.0,0.44957142857142857,35700.0,0.06204085714285714,31488.858599999996,1.8026488677743098,0.44957142857142857,2831.2982289771426,2171.43,0.06204085714285714,1785.0,35700.0
7000,0.6,0.88,5.0,0.0,1.0,1.0,0.0,1.0,1,7,2,3,3,0,0.0,0.4165,35700.0,0.054978,31236.714599999996,1.5357133479999994,0.4165,2602.0183261799993,1924.23,0.054978,1785.0,35700.0
1500,0.3,0.85,1.0,2.0,0.0,2.0,0.0,0.0,0,3,0,2,8,0,0.0,0.3753571428571429,3825.0,0.047858035714285714,3319.556986607143,0.5899062825255103,0.3753571428571429,249.20388520886482,358.93526785714283,0.047858035714285714,382.5,3825.0
15000,0.15,0.92,2.0,0.0,1.0,2.0,1.0,2.0,0,1,1,0,1,0,0.0,0.2852857142857143,19125.0,0.039369428571428576,16435.44032142857,0.01711540109723893,0.2852857142857143,937.759266339796,2952.707142857143,0.039369428571428576,3825.0,19125.0
3500,0.3,0.92,5.0,0.0,2.0,2.0,1.0,2.0,1,3,3,0,6,0,0.0,0.4263571428571429,8925.0,0.05883728571428572,7843.622775,0.9030693772545022,0.4263571428571429,668.8369191996429,1029.6525000000001,0.05883728571428572,892.5,8925.0
35000,0.6,0.88,1.0,0.0,0.0,4.0,0.0,1.0,0,3,4,4,1,0,0.0,0.3668571428571429,178500.0,0.04842514285714286,155013.88799999998,1.223864471817527,0.3668571428571429,11373.590410971428,8474.400000000001,0.04842514285714286,8925.0,178500.0
15000,0.3,0.92,5.0,0.0,2.0,4.0,2.0,1.0,0,4,3,1,0,0,1.0,0.5106428571428572,38250.0,0.0704687142857143,34060.42832142857,1.2911624727166873,0.5106428571428572,3478.5428867127553,5285.153571428573,0.0704687142857143,3825.0,38250.0
3500,1.0,0.6,4.0,0.0,2.0,3.0,1.0,2.0,1,4,1,1,3,0,1.0,0.5196428571428572,29750.0,0.04676785714285714,25786.34375,2.9197483118247303,0.5196428571428572,2679.9378683035716,818.4374999999999,0.04676785714285714,892.5,29750.0
75000,0.6,0.88,5.0,3.0,3.0,4.0,1.0,3.0,0,3,2,1,2,0,1.0,0.6443571428571429,382500.0,0.08505514285714286,346183.59214285715,3.0004628830780313,0.6443571428571429,44613.17406743878,31895.678571428572,0.08505514285714286,19125.0,382500.0
35000,0.6,0.6,4.0,0.0,3.0,2.0,2.0,1.0,0,1,2,0,6,1,0.0,0.3817857142857143,178500.0,0.034360714285714286,152503.38749999998,0.9784703580432175,0.3817857142857143,11644.722945535714,6013.125,0.034360714285714286,8925.0,178500.0
75000,0.3,0.45,1.0,3.0,0.0,4.0,2.0,0.0,0,1,1,1,5,1,2.0,0.5442857142857143,191250.0,0.03673928571428572,163851.38839285713,0.6530000594237696,0.5442857142857143,17836.39399362245,13777.232142857143,0.03673928571428572,19125.0,191250.0
7000,0.3,0.6,5.0,2.0,0.0,2.0,2.0,1.0,1,7,0,0,2,0,0.0,0.5800000000000001,17850.0,0.0522,15568.77,1.0352814117647064,0.5800000000000001,1805.9773200000004,1827.0000000000002,0.0522,1785.0,17850.0
35000,1.0,0.88,3.0,0.0,2.0,2.0,2.0,1.0,0,2,2,3,1,0,2.0,0.4325714285714286,297500.0,0.05709942857142857,260937.08,2.6489843240976394,0.4325714285714286,22574.78509257143,9992.4,0.05709942857142857,8925.0,297500.0
75000,1.0,0.45,5.0,0.0,0.0,2.0,2.0,2.0,0,1,3,3,8,1,1.0,0.30928571428571433,637500.0,0.020876785714285716,536058.9508928572,1.1431565881352543,0.30928571428571433,33159.0751052296,7828.794642857143,0.020876785714285716,19125.0,637500.0
35000,0.05,0.92,3.0,1.0,4.0,0.0,1.0,0.0,1,1,4,0,3,0,0.0,0.4102857142857143,14875.0,0.05661942857142857,13039.713999999998,0.23007301675230088,0.4102857142857143,1070.0016745142857,9908.4,0.05661942857142857,8925.0,14875.0
1500,1.0,0.6,5.0,3.0,0.0,1.0,0.0,2.0,1,1,2,4,1,0,2.0,0.4492857142857143,12750.0,0.04043571428571428,10970.555357142855,2.370066972789115,0.4492857142857143,985.7827599489794,303.2678571428571,0.04043571428571428,382.5,12750.0
35000,0.15,0.45,3.0,0.0,2.0,2.0,1.0,1.0,0,3,0,1,1,0,1.0,0.3603571428571429,44625.0,0.024324107142857144,37677.96328125,-0.21879849979366747,0.3603571428571429,2715.5046393415178,4256.71875,0.024324107142857144,8925.0,44625.0
5000,0.3,0.88,1.0,1.0,2.0,0.0,1.0,1.0,0,4,0,4,1,0,0.0,0.40614285714285714,12750.0,0.05361085714285714,11138.538428571428,0.7608148964129648,0.40614285714285714,904.767564355102,1340.2714285714285,0.05361085714285714,1275.0,12750.0
3500,0.15,0.85,3.0,1.0,1.0,0.0,1.0,1.0,1,1,2,4,1,0,2.0,0.3992857142857143,4462.5,0.05090892857142857,3886.43109375,0.34595577933673477,0.3992857142857143,310.3592830580357,890.90625,0.05090892857142857,892.5,4462.5
1500,0.3,0.45,1.0,0.0,4.0,2.0,1.0,2.0,1,2,0,1,2,0,1.0,0.5210714285714286,3825.0,0.035172321428571435,3271.0341294642853,0.5808650877475992,0.5210714285714286,340.88848534917094,263.7924107142858,0.035172321428571435,382.5,3825.0
1500,1.0,0.85,3.0,3.0,1.0,2.0,1.0,0.0,1,1,0,4,5,0,1.0,0.6242857142857143,12750.0,0.07959642857142858,11469.854464285714,4.304748945578232,0.6242857142857143,1432.0932573979594,596.9732142857143,0.07959642857142858,382.5,12750.0
7000,0.15,0.45,4.0,0.0,4.0,0.0,1.0,2.0,0,3,2,3,3,0,2.0,0.3503571428571429,8925.0,0.023649107142857145,7529.56828125,-0.24071352605417148,0.3503571428571429,527.6076059933037,827.7187500000001,0.023649107142857145,1785.0,8925.0
35000,0.05,0.6,3.0,3.0,2.0,2.0,0.0,0.0,0,3,4,3,5,0,0.0,0.45785714285714285,14875.0,0.04120714285714285,12810.45625,-0.06058019277711101,0.45785714285714285,1173.0717794642858,7211.249999999999,0.04120714285714285,8925.0,14875.0
3500,0.05,0.45,5.0,2.0,3.0,1.0,0.0,1.0,0,3,2,0,4,0,0.0,0.35285714285714287,1487.5,0.023817857142857144,1255.1790624999999,-0.4337341405562225,0.35285714285714287,88.57977955357143,416.8125,0.023817857142857144,892.5,1487.5
1500,0.3,0.6,5.0,2.0,4.0,1.0,0.0,1.0,1,1,4,3,8,0,0.0,0.5042857142857142,3825.0,0.04538571428571428,3310.100357142857,0.7627192725090032,0.5042857142857142,333.8472645918367,340.3928571428571,0.04538571428571428,382.5,3825.0
1500,0.3,0.45,4.0,0.0,0.0,0.0,1.0,0.0,0,2,3,3,7,0,0.0,0.17357142857142857,3825.0,0.011716071428571428,3181.3139732142854,-0.48154881587635057,0.17357142857142857,110.4370422130102,87.87053571428571,0.011716071428571428,382.5,3825.0
7000,0.6,0.6,3.0,3.0,3.0,2.0,1.0,0.0,0,3,0,1,2,1,1.0,0.5553571428571429,35700.0,0.04998214285714286,31058.3625,1.9126452055822334,0.5553571428571429,3449.6966919642864,1749.375,0.04998214285714286,1785.0,35700.0
